example_id,label
0,1
1,1
2,0
3,1
4,0
5,1
6,1
7,0
8,1
9,1
10,0
11,0
12,0
13,1
14,0
15,0
16,0
17,1
18,1
19,0
20,0
21,1
22,0
23,0
24,1
25,0
26,1
27,0
28,0
29,0
30,0
31,0
32,1
33,1
34,1
35,1
36,0
37,1
38,0
39,0
40,1
41,1
42,0
43,1
44,0
45,1
46,0
47,0
48,0
49,0
50,1
51,1
52,1
53,0
54,1
55,1
56,1
57,1
58,1
59,0
60,1
61,0
62,1
63,1
64,0
65,1
66,0
67,0
68,0
69,1
70,0
71,1
72,1
73,1
74,1
75,1
76,0
77,0
78,1
79,1
80,0
81,0
82,0
83,1
84,1
85,0
86,1
87,0
88,1
89,0
90,1
91,1
92,1
93,1
94,0
95,0
96,0
97,1
98,0
99,1
100,1
101,0
102,1
103,1
104,0
105,0
106,1
107,1
108,1
109,0
110,1
111,1
112,1
113,1
114,0
115,1
116,0
117,1
118,1
119,0
120,0
121,1
122,1
123,1
124,0
125,1
126,1
127,0
128,1
129,0
130,1
131,1
132,1
133,1
134,0
135,1
136,0
137,0
138,1
139,0
140,1
141,0
142,0
143,1
144,0
145,0
146,0
147,1
148,0
149,0
150,1
151,1
152,1
153,1
154,0
155,1
156,0
157,1
158,0
159,0
160,1
161,1
162,1
163,1
164,0
165,1
166,1
167,1
168,1
169,1
170,0
171,1
172,0
173,1
174,1
175,1
176,0
177,1
178,0
179,0
180,0
181,0
182,1
183,0
184,1
185,1
186,0
187,1
188,0
189,1
190,1
191,1
192,0
193,0
194,0
195,0
196,0
197,1
198,1
199,0
200,1
201,0
202,0
203,0
204,0
205,0
206,0
207,1
208,1
209,0
210,0
211,1
212,1
213,0
214,0
215,1
216,1
217,0
218,1
219,1
220,0
221,1
222,0
223,0
224,1
225,1
226,1
227,1
228,1
229,1
230,0
231,0
232,1
233,0
234,1
235,1
236,0
237,0
238,1
239,1
240,1
241,1
242,0
243,0
244,1
245,1
246,0
247,0
248,0
249,1
250,0
251,1
252,0
253,0
254,0
255,1
256,1
257,0
258,0
259,1
260,0
261,1
262,1
263,0
264,0
265,1
266,0
267,0
268,0
269,0
270,1
271,0
272,1
273,1
274,0
275,1
276,1
277,0
278,0
279,1
280,1
281,0
282,1
283,0
284,1
285,0
286,0
287,1
288,0
289,1
290,1
291,1
292,1
293,0
294,1
295,0
296,0
297,1
298,1
299,1
300,1
301,0
302,1
303,0
304,0
305,0
306,1
307,0
308,1
309,0
310,0
311,0
312,1
313,0
314,1
315,1
316,1
317,1
318,0
319,0
320,1
321,0
322,1
323,0
324,1
325,1
326,1
327,0
328,1
329,0
330,1
331,0
332,1
333,1
334,1
335,1
336,0
337,0
338,1
339,1
340,1
341,1
342,1
343,0
344,1
345,1
346,1
347,1
348,1
349,1
350,1
351,1
352,1
353,1
354,0
355,0
356,0
357,0
358,1
359,1
360,1
361,1
362,1
363,0
364,1
365,1
366,1
367,1
368,0
369,0
370,1
371,1
372,0
373,1
374,1
375,1
376,1
377,0
378,0
379,1
380,1
381,1
382,1
383,1
384,1
385,1
386,1
387,1
388,0
389,1
390,1
391,0
392,1
393,1
394,0
395,0
396,1
397,1
398,1
399,0
400,1
401,1
402,1
403,1
404,0
405,1
406,1
407,1
408,1
409,0
410,0
411,1
412,1
413,0
414,0
415,0
416,0
417,1
418,0
419,1
420,1
421,1
422,0
423,0
424,0
425,1
426,1
427,0
428,0
429,0
430,0
431,1
432,1
433,1
434,1
435,0
436,1
437,0
438,1
439,1
440,0
441,1
442,0
443,0
444,1
445,1
446,1
447,0
448,0
449,0
450,0
451,1
452,1
453,1
454,1
455,0
456,1
457,1
458,0
459,1
460,1
461,1
462,1
463,1
464,1
465,1
466,0
467,0
468,1
469,0
470,1
471,0
472,1
473,0
474,0
475,0
476,0
477,0
478,0
479,1
480,0
481,0
482,1
483,1
484,1
485,1
486,1
487,1
488,1
489,1
490,1
491,1
492,1
493,1
494,0
495,1
496,1
497,1
498,1
499,1
500,1
501,0
502,1
503,0
504,1
505,0
506,0
507,1
508,0
509,1
510,1
511,1
512,1
513,0
514,1
515,1
516,1
517,1
518,0
519,0
520,1
521,0
522,1
523,1
524,1
525,1
526,0
527,0
528,1
529,0
530,1
531,0
532,0
533,0
534,1
535,1
536,0
537,0
538,1
539,0
540,0
541,0
542,1
543,0
544,1
545,1
546,0
547,1
548,1
549,1
550,1
551,1
552,0
553,0
554,0
555,0
556,1
557,0
558,1
559,0
560,1
561,1
562,0
563,0
564,1
565,1
566,0
567,1
568,0
569,1
570,0
571,0
572,1
573,0
574,0
575,0
576,1
577,1
578,0
579,0
580,1
581,0
582,0
583,1
584,1
585,0
586,1
587,1
588,0
589,1
590,1
591,1
592,1
593,0
594,0
595,0
596,0
597,1
598,1
599,1
600,0
601,1
602,1
603,1
604,1
605,0
606,1
607,0
608,1
609,0
610,1
611,1
612,1
613,0
614,0
615,0
616,1
617,1
618,0
619,0
620,1
621,0
622,0
623,0
624,0
625,0
626,0
627,1
628,0
629,0
630,1
631,0
632,1
633,1
634,1
635,1
636,1
637,1
638,1
639,0
640,0
641,0
642,0
643,1
644,0
645,0
646,1
647,1
648,1
649,0
650,0
651,0
652,1
653,0
654,1
655,0
656,0
657,0
658,1
659,0
660,1
661,1
662,1
663,1
664,1
665,1
666,0
667,1
668,1
669,1
670,0
671,1
672,0
673,1
674,0
675,1
676,1
677,0
678,1
679,1
680,0
681,1
682,0
683,1
684,1
685,1
686,0
687,0
688,0
689,1
690,1
691,0
692,0
693,0
694,1
695,0
696,1
697,0
698,1
699,0
700,1
701,0
702,0
703,1
704,0
705,1
706,1
707,1
708,1
709,1
710,1
711,1
712,0
713,0
714,0
715,0
716,0
717,1
718,0
719,1
720,1
721,0
722,1
723,1
724,0
725,1
726,1
727,1
728,0
729,0
730,1
731,1
732,1
733,1
734,1
735,0
736,1
737,0
738,1
739,0
740,0
741,0
742,1
743,1
744,1
745,1
746,1
747,1
748,1
749,0
750,1
751,1
752,0
753,0
754,1
755,1
756,1
757,1
758,1
759,1
760,0
761,1
762,0
763,1
764,0
765,1
766,1
767,0
768,0
769,1
770,1
771,1
772,0
773,1
774,1
775,1
776,0
777,1
778,0
779,1
780,1
781,1
782,1
783,0
784,1
785,1
786,1
787,0
788,0
789,0
790,0
791,0
792,1
793,1
794,1
795,0
796,0
797,0
798,1
799,0
800,0
801,1
802,0
803,1
804,1
805,1
806,1
807,1
808,1
809,1
810,1
811,1
812,1
813,1
814,1
815,0
816,0
817,1
818,1
819,0
820,0
821,1
822,1
823,1
824,1
825,0
826,1
827,0
828,0
829,1
830,0
831,1
832,1
833,1
834,1
835,1
836,1
837,0
838,0
839,0
840,1
841,1
842,0
843,0
844,0
845,1
846,1
847,1
848,0
849,1
850,1
851,1
852,0
853,1
854,0
855,1
856,0
857,0
858,0
859,0
860,1
861,0
862,1
863,1
864,0
865,0
866,1
867,0
868,0
869,0
870,0
871,1
872,1
873,1
874,0
875,0
876,1
877,0
878,0
879,1
880,1
881,1
882,1
883,0
884,0
885,1
886,0
887,1
888,1
889,1
890,1
891,0
892,1
893,1
894,0
895,1
896,1
897,1
898,1
899,1
900,1
901,1
902,0
903,0
904,1
905,1
906,0
907,0
908,1
909,0
910,0
911,0
912,0
913,0
914,1
915,0
916,0
917,0
918,1
919,1
920,1
921,1
922,0
923,0
924,0
925,0
926,1
927,0
928,1
929,1
930,1
931,1
932,1
933,0
934,1
935,1
936,1
937,0
938,0
939,1
940,0
941,1
942,0
943,1
944,1
945,1
946,0
947,1
948,0
949,1
950,0
951,0
952,0
953,1
954,0
955,1
956,0
957,0
958,1
959,1
960,1
961,1
962,1
963,0
964,1
965,1
966,1
967,1
968,0
969,0
970,1
971,1
972,0
973,0
974,1
975,0
976,0
977,1
978,1
979,1
980,0
981,0
982,1
983,0
984,1
985,0
986,0
987,1
988,0
989,1
990,1
991,1
992,1
993,0
994,1
995,0
996,0
997,0
998,0
999,1
1000,0
1001,1
1002,0
1003,1
1004,1
1005,0
1006,0
1007,1
1008,1
1009,1
1010,1
1011,0
1012,1
1013,1
1014,0
1015,1
1016,1
1017,0
1018,1
1019,1
1020,1
1021,0
1022,0
1023,0
1024,0
1025,1
1026,1
1027,1
1028,1
1029,0
1030,1
1031,1
1032,0
1033,0
1034,0
1035,0
1036,0
1037,1
1038,1
1039,1
1040,1
1041,0
1042,1
1043,0
1044,1
1045,0
1046,0
1047,1
1048,1
1049,1
1050,0
1051,1
1052,1
1053,1
1054,0
1055,1
1056,0
1057,1
1058,0
1059,1
1060,0
1061,0
1062,0
1063,1
1064,1
1065,0
1066,1
1067,1
1068,0
1069,0
1070,1
1071,1
1072,0
1073,0
1074,1
1075,0
1076,0
1077,0
1078,0
1079,0
1080,0
1081,0
1082,1
1083,1
1084,0
1085,0
1086,1
1087,1
1088,1
1089,1
1090,1
1091,1
1092,0
1093,0
1094,1
1095,1
1096,0
1097,1
1098,1
1099,0
1100,0
1101,1
1102,1
1103,1
1104,0
1105,0
1106,1
1107,1
1108,0
1109,0
1110,1
1111,0
1112,1
1113,0
1114,0
1115,0
1116,0
1117,1
1118,0
1119,1
1120,1
1121,0
1122,0
1123,1
1124,0
1125,1
1126,0
1127,1
1128,1
1129,0
1130,0
1131,0
1132,0
1133,0
1134,1
1135,1
1136,1
1137,1
1138,0
1139,1
1140,1
1141,0
1142,0
1143,1
1144,0
1145,1
1146,1
1147,1
1148,0
1149,1
1150,1
1151,0
1152,0
1153,1
1154,0
1155,1
1156,0
1157,0
1158,1
1159,0
1160,0
1161,1
1162,0
1163,0
1164,0
1165,1
1166,0
1167,0
1168,1
1169,1
1170,0
1171,1
1172,0
1173,0
1174,0
1175,0
1176,1
1177,1
1178,1
1179,1
1180,1
1181,1
1182,0
1183,0
1184,1
1185,0
1186,1
1187,1
1188,1
1189,1
1190,0
1191,0
1192,1
1193,0
1194,1
1195,0
1196,0
1197,0
1198,0
1199,0
1200,1
1201,1
1202,1
1203,1
1204,1
1205,0
1206,0
1207,1
1208,0
1209,1
1210,1
1211,1
1212,1
1213,0
1214,1
1215,1
1216,1
1217,1
1218,1
1219,0
1220,1
1221,1
1222,1
1223,1
1224,1
1225,0
1226,1
1227,0
1228,0
1229,0
1230,0
1231,1
1232,1
1233,0
1234,0
1235,0
1236,1
1237,1
1238,1
1239,1
1240,0
1241,0
1242,1
1243,1
1244,0
1245,0
1246,1
1247,0
1248,1
1249,1
1250,1
1251,1
1252,0
1253,0
1254,1
1255,0
1256,1
1257,1
1258,0
1259,1
1260,1
1261,1
1262,1
1263,1
1264,0
1265,0
1266,1
1267,0
1268,1
1269,1
1270,1
1271,1
1272,1
1273,1
1274,0
1275,0
1276,0
1277,1
1278,0
1279,1
1280,1
1281,1
1282,1
1283,1
1284,1
1285,1
1286,1
1287,1
1288,1
1289,1
1290,0
1291,0
1292,0
1293,0
1294,0
1295,0
1296,0
1297,0
1298,1
1299,0
1300,1
1301,0
1302,1
1303,1
1304,1
1305,1
1306,0
1307,1
1308,1
1309,0
1310,1
1311,0
1312,1
1313,0
1314,1
1315,1
1316,1
1317,0
1318,0
1319,0
1320,0
1321,1
1322,0
1323,1
1324,1
1325,0
1326,0
1327,1
1328,1
1329,0
1330,1
1331,1
1332,0
1333,0
1334,1
1335,1
1336,0
1337,1
1338,0
1339,1
1340,0
1341,1
1342,1
1343,0
1344,0
1345,1
1346,0
1347,1
1348,0
1349,1
1350,0
1351,1
1352,0
1353,1
1354,1
1355,1
1356,1
1357,0
1358,1
1359,0
1360,0
1361,0
1362,1
1363,1
1364,0
1365,0
1366,1
1367,1
1368,1
1369,0
1370,0
1371,1
1372,0
1373,1
1374,0
1375,1
1376,1
1377,0
1378,1
1379,0
1380,1
1381,0
1382,1
1383,1
1384,0
1385,1
1386,1
1387,1
1388,0
1389,1
1390,0
1391,0
1392,1
1393,1
1394,1
1395,1
1396,0
1397,1
1398,1
1399,0
1400,1
1401,1
1402,1
1403,1
1404,1
1405,1
1406,1
1407,1
1408,0
1409,1
1410,0
1411,0
1412,1
1413,1
1414,1
1415,1
1416,1
1417,0
1418,0
1419,1
1420,0
1421,1
1422,1
1423,1
1424,0
1425,1
1426,1
1427,0
1428,0
1429,1
1430,0
1431,0
1432,0
1433,0
1434,1
1435,0
1436,0
1437,1
1438,1
1439,1
1440,0
1441,0
1442,0
1443,1
1444,0
1445,0
1446,0
1447,1
1448,0
1449,1
1450,1
1451,0
1452,0
1453,0
1454,1
1455,0
1456,1
1457,1
1458,1
1459,0
1460,1
1461,0
1462,0
1463,0
1464,0
1465,1
1466,1
1467,0
1468,1
1469,1
1470,0
1471,0
1472,1
1473,1
1474,0
1475,0
1476,0
1477,0
1478,0
1479,0
1480,1
1481,1
1482,0
1483,1
1484,0
1485,0
1486,1
1487,0
1488,0
1489,1
1490,1
1491,1
1492,0
1493,0
1494,1
1495,1
1496,1
1497,1
1498,1
1499,1
1500,0
1501,1
1502,0
1503,0
1504,1
1505,0
1506,1
1507,0
1508,1
1509,1
1510,0
1511,0
1512,1
1513,0
1514,0
1515,0
1516,1
1517,0
1518,0
1519,1
1520,1
1521,1
1522,0
1523,1
1524,0
1525,1
1526,0
1527,0
1528,1
1529,1
1530,1
1531,1
1532,0
1533,0
1534,0
1535,1
1536,1
1537,0
1538,0
1539,1
1540,1
1541,0
1542,0
1543,0
1544,0
1545,1
1546,1
1547,1
1548,0
1549,0
1550,1
1551,1
1552,0
1553,1
1554,0
1555,1
1556,1
1557,1
1558,1
1559,0
1560,1
1561,0
1562,0
1563,0
1564,0
1565,0
1566,0
1567,1
1568,1
1569,1
1570,0
1571,0
1572,0
1573,0
1574,0
1575,1
1576,1
1577,1
1578,0
1579,1
1580,0
1581,0
1582,0
1583,1
1584,1
1585,1
1586,1
1587,0
1588,0
1589,1
1590,0
1591,1
1592,1
1593,1
1594,0
1595,0
1596,1
1597,0
1598,1
1599,0
1600,0
1601,0
1602,1
1603,1
1604,1
1605,0
1606,0
1607,1
1608,1
1609,1
1610,0
1611,1
1612,1
1613,1
1614,1
1615,1
1616,0
1617,0
1618,1
1619,1
1620,0
1621,0
1622,1
1623,1
1624,1
1625,1
1626,0
1627,1
1628,0
1629,0
1630,1
1631,0
1632,1
1633,1
1634,0
1635,1
1636,1
1637,1
1638,1
1639,1
1640,1
1641,1
1642,1
1643,1
1644,1
1645,1
1646,1
1647,0
1648,1
1649,1
1650,0
1651,0
1652,1
1653,0
1654,1
1655,0
1656,1
1657,1
1658,0
1659,0
1660,1
1661,0
1662,0
1663,1
1664,1
1665,1
1666,1
1667,1
1668,1
1669,1
1670,0
1671,0
1672,0
1673,1
1674,1
1675,1
1676,1
1677,1
1678,1
1679,0
1680,1
1681,1
1682,1
1683,1
1684,0
1685,1
1686,0
1687,1
1688,1
1689,1
1690,1
1691,1
1692,0
1693,1
1694,1
1695,0
1696,0
1697,1
1698,0
1699,1
1700,1
1701,1
1702,1
1703,1
1704,0
1705,0
1706,0
1707,1
1708,1
1709,1
1710,1
1711,1
1712,1
1713,1
1714,1
1715,1
1716,1
1717,1
1718,1
1719,0
1720,0
1721,1
1722,1
1723,1
1724,0
1725,0
1726,1
1727,1
1728,0
1729,1
1730,1
1731,0
1732,1
1733,1
1734,1
1735,0
1736,0
1737,1
1738,1
1739,1
1740,1
1741,0
1742,0
1743,0
1744,0
1745,0
1746,1
1747,1
1748,1
1749,0
1750,0
1751,1
1752,0
1753,1
1754,0
1755,0
1756,0
1757,0
1758,0
1759,1
1760,0
1761,1
1762,1
1763,0
1764,1
1765,1
1766,0
1767,1
1768,1
1769,0
1770,1
1771,0
1772,0
1773,0
1774,0
1775,0
1776,0
1777,0
1778,0
1779,1
1780,1
1781,0
1782,1
1783,1
1784,1
1785,1
1786,0
1787,0
1788,1
1789,0
1790,0
1791,0
1792,0
1793,0
1794,1
1795,0
1796,1
1797,0
1798,0
1799,0
1800,1
1801,1
1802,1
1803,0
1804,1
1805,1
1806,1
1807,0
1808,0
1809,1
1810,1
1811,0
1812,0
1813,1
1814,1
1815,0
1816,1
1817,0
1818,1
1819,1
1820,1
1821,0
1822,0
1823,0
1824,1
1825,0
1826,1
1827,0
1828,1
1829,0
1830,0
1831,0
1832,0
1833,0
1834,0
1835,0
1836,1
1837,1
1838,1
1839,1
1840,1
1841,1
1842,0
1843,1
1844,1
1845,1
1846,1
1847,1
1848,1
1849,1
1850,1
1851,0
1852,0
1853,1
1854,1
1855,1
1856,0
1857,0
1858,1
1859,0
1860,1
1861,0
1862,0
1863,1
1864,1
1865,1
1866,1
1867,0
1868,1
1869,1
1870,0
1871,1
1872,1
1873,1
1874,1
1875,1
1876,0
1877,1
1878,1
1879,0
1880,1
1881,0
1882,0
1883,0
1884,1
1885,0
1886,1
1887,1
1888,0
1889,1
1890,0
1891,1
1892,0
1893,1
1894,0
1895,0
1896,1
1897,1
1898,1
1899,1
1900,0
1901,1
1902,0
1903,0
1904,0
1905,0
1906,0
1907,0
1908,0
1909,1
1910,1
1911,1
1912,0
1913,1
1914,0
1915,1
1916,0
1917,0
1918,0
1919,1
1920,0
1921,1
1922,1
1923,0
1924,0
1925,1
1926,1
1927,1
1928,0
1929,0
1930,1
1931,0
1932,0
1933,1
1934,0
1935,0
1936,1
1937,0
1938,1
1939,0
1940,1
1941,0
1942,1
1943,0
1944,0
1945,0
1946,1
1947,1
1948,1
1949,0
1950,0
1951,1
1952,1
1953,0
1954,0
1955,1
1956,0
1957,1
1958,1
1959,0
1960,0
1961,0
1962,1
1963,1
1964,1
1965,0
1966,0
1967,1
1968,1
1969,1
1970,1
1971,0
1972,1
1973,0
1974,0
1975,1
1976,1
1977,0
1978,1
1979,1
1980,1
1981,0
1982,0
1983,0
1984,0
1985,0
1986,1
1987,1
1988,1
1989,0
1990,1
1991,1
1992,0
1993,0
1994,0
1995,0
1996,1
1997,1
1998,0
1999,1
2000,1
2001,1
2002,0
2003,1
2004,1
2005,0
2006,1
2007,0
2008,0
2009,1
2010,0
2011,1
2012,1
2013,0
2014,0
2015,0
2016,0
2017,0
2018,0
2019,0
2020,1
2021,0
2022,1
2023,0
2024,1
2025,1
2026,0
2027,1
2028,1
2029,1
2030,1
2031,0
2032,1
2033,0
2034,1
2035,1
2036,1
2037,1
2038,1
2039,0
2040,1
2041,0
2042,0
2043,1
2044,0
2045,1
2046,0
2047,0
2048,1
2049,0
2050,1
2051,0
2052,1
2053,0
2054,1
2055,0
2056,1
2057,1
2058,0
2059,0
2060,0
2061,1
2062,0
2063,0
2064,0
2065,0
2066,0
2067,1
2068,0
2069,1
2070,0
2071,1
2072,0
2073,0
2074,1
2075,0
2076,0
2077,1
2078,1
2079,1
2080,0
2081,1
2082,1
2083,1
2084,0
2085,1
2086,0
2087,1
2088,0
2089,0
2090,1
2091,0
2092,1
2093,0
2094,0
2095,1
2096,1
2097,0
2098,1
2099,0
2100,0
2101,0
2102,1
2103,1
2104,0
2105,0
2106,0
2107,1
2108,0
2109,0
2110,0
2111,0
2112,0
2113,0
2114,1
2115,1
2116,1
2117,0
2118,0
2119,1
2120,1
2121,1
2122,1
2123,1
2124,1
2125,0
2126,0
2127,1
2128,1
2129,1
2130,0
2131,1
2132,0
2133,1
2134,1
2135,1
2136,1
2137,1
2138,0
2139,1
2140,0
2141,1
2142,1
2143,0
2144,0
2145,0
2146,1
2147,1
2148,0
2149,0
2150,1
2151,1
2152,0
2153,1
2154,0
2155,0
2156,0
2157,1
2158,1
2159,1
2160,0
2161,1
2162,1
2163,1
2164,0
2165,1
2166,1
2167,0
2168,0
2169,1
2170,0
2171,1
2172,0
2173,0
2174,0
2175,1
2176,0
2177,1
2178,1
2179,0
2180,1
2181,1
2182,0
2183,0
2184,1
2185,0
2186,0
2187,1
2188,1
2189,1
2190,0
2191,0
2192,0
2193,1
2194,0
2195,1
2196,1
2197,1
2198,1
2199,0
2200,0
2201,1
2202,1
2203,0
2204,0
2205,1
2206,0
2207,0
2208,0
2209,0
2210,0
2211,0
2212,0
2213,0
2214,1
2215,0
2216,1
2217,0
2218,0
2219,1
2220,0
2221,0
2222,0
2223,1
2224,1
2225,0
2226,0
2227,0
2228,0
2229,0
2230,1
2231,0
2232,0
2233,1
2234,0
2235,0
2236,0
2237,1
2238,0
2239,0
2240,0
2241,1
2242,1
2243,1
2244,1
2245,1
2246,0
2247,0
2248,1
2249,1
2250,1
2251,1
2252,0
2253,1
2254,1
2255,0
2256,1
2257,1
2258,1
2259,0
2260,1
2261,1
2262,1
2263,0
2264,1
2265,1
2266,1
2267,0
2268,0
2269,0
2270,0
2271,1
2272,0
2273,1
2274,1
2275,0
2276,1
2277,1
2278,1
2279,1
2280,0
2281,0
2282,1
2283,0
2284,1
2285,1
2286,1
2287,1
2288,1
2289,1
2290,0
2291,1
2292,1
2293,0
2294,0
2295,1
2296,1
2297,0
2298,1
2299,0
2300,0
2301,1
2302,1
2303,1
2304,1
2305,1
2306,1
2307,1
2308,1
2309,1
2310,1
2311,0
2312,1
2313,1
2314,0
2315,0
2316,1
2317,1
2318,1
2319,0
2320,0
2321,1
2322,0
2323,0
2324,1
2325,1
2326,0
2327,1
2328,0
2329,0
2330,1
2331,0
2332,1
2333,0
2334,1
2335,1
2336,0
2337,1
2338,0
2339,1
2340,1
2341,0
2342,0
2343,1
2344,1
2345,1
2346,0
2347,1
2348,1
2349,0
2350,0
2351,0
2352,1
2353,1
2354,1
2355,1
2356,1
2357,0
2358,0
2359,0
2360,0
2361,1
2362,1
2363,1
2364,1
2365,0
2366,1
2367,1
2368,1
2369,1
2370,1
2371,0
2372,1
2373,0
2374,0
2375,1
2376,1
2377,1
2378,0
2379,0
2380,1
2381,1
2382,0
2383,0
2384,1
2385,0
2386,1
2387,1
2388,1
2389,0
2390,1
2391,0
2392,0
2393,0
2394,0
2395,1
2396,1
2397,0
2398,0
2399,1
2400,0
2401,1
2402,1
2403,0
2404,0
2405,1
2406,1
2407,1
2408,1
2409,0
2410,1
2411,1
2412,1
2413,0
2414,0
2415,0
2416,1
2417,1
2418,1
2419,1
2420,0
2421,0
2422,1
2423,1
2424,1
2425,1
2426,1
2427,1
2428,1
2429,1
2430,1
2431,1
2432,1
2433,0
2434,0
2435,0
2436,1
2437,1
2438,0
2439,0
2440,1
2441,0
2442,1
2443,0
2444,1
2445,0
2446,0
2447,1
2448,0
2449,1
2450,0
2451,1
2452,0
2453,0
2454,0
2455,0
2456,1
2457,0
2458,0
2459,1
2460,1
2461,1
2462,0
2463,1
2464,0
2465,1
2466,0
2467,0
2468,1
2469,1
2470,0
2471,1
2472,1
2473,1
2474,1
2475,1
2476,1
2477,0
2478,0
2479,1
2480,1
2481,0
2482,0
2483,0
2484,0
2485,0
2486,1
2487,0
2488,1
2489,1
2490,1
2491,1
2492,0
2493,1
2494,1
2495,1
2496,0
2497,1
2498,1
2499,0
2500,1
2501,0
2502,0
2503,1
2504,0
2505,0
2506,1
2507,1
2508,0
2509,1
2510,1
2511,1
2512,1
2513,0
2514,0
2515,1
2516,1
2517,0
2518,1
2519,0
2520,1
2521,1
2522,0
2523,0
2524,1
2525,1
2526,0
2527,1
2528,0
2529,0
2530,1
2531,1
2532,1
2533,0
2534,1
2535,0
2536,1
2537,1
2538,1
2539,0
2540,0
2541,1
2542,0
2543,0
2544,1
2545,0
2546,0
2547,0
2548,0
2549,1
2550,1
2551,0
2552,0
2553,1
2554,1
2555,1
2556,0
2557,1
2558,1
2559,1
2560,0
2561,1
2562,1
2563,1
2564,1
2565,1
2566,0
2567,0
2568,1
2569,1
2570,1
2571,0
2572,0
2573,1
2574,1
2575,0
2576,1
2577,1
2578,0
2579,1
2580,0
2581,0
2582,0
2583,0
2584,0
2585,0
2586,1
2587,0
2588,0
2589,1
2590,1
2591,1
2592,0
2593,1
2594,0
2595,0
2596,0
2597,1
2598,0
2599,0
2600,0
2601,1
2602,1
2603,1
2604,0
2605,1
2606,0
2607,1
2608,1
2609,0
2610,0
2611,1
2612,1
2613,0
2614,0
2615,0
2616,1
2617,0
2618,1
2619,1
2620,0
2621,0
2622,0
2623,0
2624,1
2625,0
2626,1
2627,1
2628,0
2629,0
2630,0
2631,1
2632,1
2633,0
2634,0
2635,1
2636,0
2637,0
2638,1
2639,1
2640,1
2641,0
2642,0
2643,0
2644,1
2645,0
2646,0
2647,0
2648,1
2649,0
2650,1
2651,0
2652,0
2653,1
2654,1
2655,0
2656,0
2657,1
2658,0
2659,0
2660,1
2661,1
2662,0
2663,0
2664,0
2665,1
2666,0
2667,1
2668,0
2669,0
2670,1
2671,0
2672,0
2673,0
2674,1
2675,1
2676,1
2677,0
2678,0
2679,0
2680,0
2681,1
2682,1
2683,1
2684,0
2685,0
2686,0
2687,1
2688,1
2689,0
2690,0
2691,0
2692,1
2693,0
2694,1
2695,0
2696,0
2697,0
2698,1
2699,0
2700,1
2701,1
2702,1
2703,1
2704,1
2705,0
2706,1
2707,1
2708,1
2709,1
2710,1
2711,0
2712,1
2713,0
2714,1
2715,1
2716,0
2717,1
2718,1
2719,1
2720,1
2721,1
2722,0
2723,1
2724,0
2725,0
2726,0
2727,1
2728,1
2729,1
2730,0
2731,1
2732,1
2733,0
2734,1
2735,0
2736,1
2737,1
2738,0
2739,1
2740,1
2741,1
2742,0
2743,1
2744,1
2745,0
2746,0
2747,1
2748,1
2749,0
2750,0
2751,1
2752,0
2753,1
2754,0
2755,1
2756,0
2757,1
2758,1
2759,1
2760,1
2761,0
2762,0
2763,0
2764,1
2765,0
2766,1
2767,1
2768,1
2769,0
2770,0
2771,1
2772,1
2773,0
2774,1
2775,1
2776,1
2777,0
2778,1
2779,1
2780,0
2781,1
2782,1
2783,1
2784,0
2785,1
2786,0
2787,1
2788,1
2789,1
2790,0
2791,0
2792,0
2793,1
2794,0
2795,1
2796,1
2797,0
2798,1
2799,0
2800,0
2801,0
2802,0
2803,1
2804,1
2805,0
2806,0
2807,1
2808,0
2809,0
2810,1
2811,1
2812,1
2813,0
2814,1
2815,0
2816,0
2817,0
2818,0
2819,1
2820,0
2821,0
2822,1
2823,0
2824,0
2825,0
2826,0
2827,1
2828,1
2829,0
2830,1
2831,1
2832,0
2833,1
2834,1
2835,1
2836,0
2837,1
2838,1
2839,1
2840,0
2841,1
2842,1
2843,0
2844,0
2845,0
2846,1
2847,0
2848,0
2849,1
2850,1
2851,1
2852,1
2853,1
2854,1
2855,0
2856,1
2857,1
2858,1
2859,0
2860,1
2861,1
2862,0
2863,1
2864,1
2865,1
2866,1
2867,1
2868,1
2869,1
2870,1
2871,1
2872,0
2873,0
2874,1
2875,0
2876,0
2877,1
2878,1
2879,1
2880,1
2881,0
2882,0
2883,1
2884,0
2885,1
2886,0
2887,1
2888,1
2889,1
2890,1
2891,1
2892,1
2893,0
2894,0
2895,1
2896,0
2897,0
2898,0
2899,0
2900,0
2901,1
2902,0
2903,0
2904,1
2905,0
2906,0
2907,1
2908,0
2909,0
2910,1
2911,1
2912,0
2913,1
2914,1
2915,1
2916,1
2917,1
2918,0
2919,0
2920,1
2921,1
2922,0
2923,0
2924,0
2925,1
2926,1
2927,1
2928,0
2929,0
2930,1
2931,0
2932,0
2933,0
2934,1
2935,1
2936,1
2937,0
2938,0
2939,0
2940,1
2941,0
2942,1
2943,0
2944,1
2945,1
2946,1
2947,1
2948,1
2949,1
2950,1
2951,0
2952,0
2953,1
2954,1
2955,0
2956,1
2957,0
2958,0
2959,0
2960,0
2961,0
2962,1
2963,0
2964,1
2965,1
2966,1
2967,0
2968,0
2969,1
2970,1
2971,0
2972,0
2973,0
2974,0
2975,0
2976,1
2977,1
2978,1
2979,1
2980,1
2981,0
2982,0
2983,1
2984,0
2985,0
2986,0
2987,1
2988,1
2989,0
2990,1
2991,0
2992,1
2993,0
2994,1
2995,1
2996,0
2997,0
2998,1
2999,0
3000,0
3001,0
3002,0
3003,0
3004,0
3005,0
3006,1
3007,0
3008,1
3009,1
3010,1
3011,1
3012,0
3013,0
3014,1
3015,0
3016,1
3017,1
3018,0
3019,0
3020,0
3021,1
3022,0
3023,0
3024,1
3025,1
3026,1
3027,0
3028,0
3029,1
3030,1
3031,1
3032,1
3033,1
3034,0
3035,1
3036,0
3037,0
3038,1
3039,1
3040,0
3041,0
3042,0
3043,0
3044,0
3045,1
3046,1
3047,0
3048,1
3049,0
3050,1
3051,0
3052,1
3053,0
3054,1
3055,1
3056,1
3057,1
3058,1
3059,0
3060,1
3061,1
3062,1
3063,0
3064,0
3065,0
3066,1
3067,0
3068,1
3069,0
3070,1
3071,0
3072,1
3073,0
3074,1
3075,0
3076,1
3077,1
3078,1
3079,1
3080,0
3081,1
3082,0
3083,0
3084,1
3085,1
3086,1
3087,1
3088,0
3089,0
3090,0
3091,0
3092,1
3093,1
3094,0
3095,0
3096,0
3097,1
3098,0
3099,0
3100,1
3101,0
3102,0
3103,0
3104,1
3105,1
3106,1
3107,1
3108,0
3109,0
3110,1
3111,0
3112,0
3113,1
3114,0
3115,1
3116,0
3117,1
3118,1
3119,0
3120,1
3121,0
3122,1
3123,1
3124,0
3125,0
3126,0
3127,1
3128,0
3129,0
3130,0
3131,0
3132,0
3133,1
3134,0
3135,0
3136,0
3137,1
3138,1
3139,1
3140,1
3141,0
3142,0
3143,0
3144,1
3145,0
3146,1
3147,1
3148,0
3149,1
3150,1
3151,1
3152,1
3153,1
3154,1
3155,1
3156,0
3157,0
3158,0
3159,1
3160,0
3161,1
3162,0
3163,0
3164,1
3165,1
3166,0
3167,1
3168,1
3169,1
3170,0
3171,1
3172,1
3173,0
3174,1
3175,1
3176,0
3177,1
3178,0
3179,1
3180,1
3181,0
3182,0
3183,1
3184,1
3185,1
3186,0
3187,1
3188,1
3189,1
3190,0
3191,0
3192,1
3193,1
3194,0
3195,0
3196,0
3197,0
3198,0
3199,1
3200,1
3201,1
3202,1
3203,1
3204,1
3205,1
3206,1
3207,0
3208,0
3209,1
3210,0
3211,0
3212,1
3213,0
3214,1
3215,1
3216,0
3217,0
3218,1
3219,1
3220,1
3221,1
3222,0
3223,1
3224,1
3225,0
3226,0
3227,1
3228,1
3229,1
3230,0
3231,0
3232,1
3233,0
3234,1
3235,0
3236,0
3237,0
3238,0
3239,0
3240,1
3241,0
3242,1
3243,1
3244,0
3245,1
3246,1
3247,1
3248,1
3249,0
3250,0
3251,1
3252,1
3253,1
3254,1
3255,1
3256,0
3257,1
3258,1
3259,1
3260,0
3261,1
3262,1
3263,1
3264,0
3265,1
3266,1
3267,1
3268,1
3269,1
3270,0
3271,1
3272,0
3273,1
3274,0
3275,1
3276,0
3277,1
3278,0
3279,1
3280,1
3281,0
3282,0
3283,1
3284,1
3285,1
3286,0
3287,0
3288,0
3289,1
3290,1
3291,0
3292,0
3293,0
3294,1
3295,1
3296,0
3297,1
3298,0
3299,0
3300,1
3301,1
3302,1
3303,0
3304,1
3305,0
3306,1
3307,0
3308,1
3309,1
3310,1
3311,1
3312,0
3313,1
3314,0
3315,0
3316,0
3317,1
3318,1
3319,1
3320,0
3321,1
3322,0
3323,1
3324,1
3325,0
3326,0
3327,0
3328,0
3329,1
3330,1
3331,0
3332,1
3333,1
3334,0
3335,0
3336,0
3337,0
3338,1
3339,0
3340,0
3341,0
3342,0
3343,0
3344,1
3345,1
3346,1
3347,1
3348,1
3349,1
3350,1
3351,0
3352,1
3353,1
3354,1
3355,0
3356,1
3357,1
3358,0
3359,1
3360,1
3361,1
3362,1
3363,1
3364,1
3365,1
3366,1
3367,0
3368,0
3369,0
3370,1
3371,0
3372,1
3373,1
3374,1
3375,0
3376,1
3377,1
3378,1
3379,0
3380,1
3381,0
3382,0
3383,1
3384,0
3385,0
3386,1
3387,1
3388,1
3389,0
3390,1
3391,0
3392,1
3393,1
3394,1
3395,1
3396,0
3397,1
3398,1
3399,0
3400,1
3401,1
3402,0
3403,1
3404,1
3405,0
3406,0
3407,0
3408,1
3409,1
3410,0
3411,0
3412,1
3413,1
3414,0
3415,0
3416,1
3417,0
3418,1
3419,1
3420,1
3421,0
3422,1
3423,1
3424,1
3425,1
3426,1
3427,0
3428,0
3429,0
3430,0
3431,1
3432,0
3433,1
3434,1
3435,1
3436,1
3437,0
3438,0
3439,1
3440,0
3441,0
3442,0
3443,1
3444,0
3445,1
3446,0
3447,0
3448,1
3449,0
3450,0
3451,1
3452,1
3453,1
3454,1
3455,0
3456,0
3457,1
3458,1
3459,0
3460,0
3461,0
3462,0
3463,0
3464,1
3465,1
3466,1
3467,0
3468,0
3469,0
3470,0
3471,1
3472,0
3473,0
3474,1
3475,0
3476,1
3477,0
3478,1
3479,1
3480,1
3481,0
3482,0
3483,0
3484,1
3485,0
3486,0
3487,1
3488,0
3489,0
3490,0
3491,1
3492,0
3493,0
3494,0
3495,0
3496,0
3497,1
3498,0
3499,1
3500,0
3501,1
3502,1
3503,0
3504,1
3505,1
3506,0
3507,0
3508,1
3509,0
3510,0
3511,1
3512,1
3513,0
3514,0
3515,1
3516,1
3517,0
3518,1
3519,1
3520,0
3521,0
3522,1
3523,0
3524,1
3525,0
3526,1
3527,0
3528,1
3529,1
3530,0
3531,0
3532,0
3533,1
3534,1
3535,0
3536,1
3537,1
3538,0
3539,0
3540,1
3541,0
3542,0
3543,1
3544,1
3545,0
3546,1
3547,0
3548,1
3549,1
3550,1
3551,1
3552,1
3553,1
3554,0
3555,1
3556,1
3557,0
3558,1
3559,1
3560,0
3561,0
3562,0
3563,1
3564,1
3565,0
3566,1
3567,1
3568,1
3569,1
3570,1
3571,1
3572,0
3573,0
3574,1
3575,0
3576,1
3577,0
3578,0
3579,1
3580,1
3581,1
3582,1
3583,1
3584,0
3585,1
3586,1
3587,0
3588,1
3589,1
3590,0
3591,1
3592,0
3593,1
3594,0
3595,1
3596,0
3597,0
3598,1
3599,0
3600,1
3601,0
3602,1
3603,1
3604,1
3605,1
3606,1
3607,0
3608,1
3609,0
3610,1
3611,0
3612,0
3613,0
3614,1
3615,1
3616,1
3617,1
3618,0
3619,1
3620,1
3621,0
3622,1
3623,1
3624,0
3625,0
3626,0
3627,1
3628,0
3629,1
3630,0
3631,0
3632,1
3633,1
3634,1
3635,1
3636,1
3637,0
3638,1
3639,1
3640,0
3641,1
3642,1
3643,1
3644,1
3645,1
3646,0
3647,1
3648,0
3649,0
3650,1
3651,0
3652,1
3653,1
3654,1
3655,1
3656,0
3657,0
3658,0
3659,0
3660,1
3661,1
3662,1
3663,1
3664,1
3665,1
3666,0
3667,0
3668,0
3669,1
3670,0
3671,1
3672,0
3673,0
3674,1
3675,1
3676,0
3677,0
3678,0
3679,0
3680,1
3681,1
3682,1
3683,0
3684,1
3685,1
3686,1
3687,1
3688,0
3689,1
3690,1
3691,1
3692,0
3693,0
3694,1
3695,0
3696,1
3697,0
3698,0
3699,0
3700,0
3701,1
3702,1
3703,0
3704,1
3705,1
3706,0
3707,1
3708,1
3709,0
3710,1
3711,0
3712,0
3713,0
3714,1
3715,1
3716,0
3717,1
3718,1
3719,0
3720,1
3721,0
3722,0
3723,1
3724,1
3725,0
3726,0
3727,1
3728,1
3729,1
3730,1
3731,1
3732,0
3733,0
3734,1
3735,0
3736,0
3737,0
3738,0
3739,1
3740,0
3741,1
3742,1
3743,1
3744,0
3745,1
3746,0
3747,1
3748,0
3749,0
3750,0
3751,1
3752,1
3753,1
3754,0
3755,0
3756,1
3757,0
3758,0
3759,0
3760,0
3761,1
3762,0
3763,0
3764,0
3765,1
3766,0
3767,1
3768,0
3769,0
3770,1
3771,1
3772,1
3773,0
3774,0
3775,0
3776,1
3777,1
3778,0
3779,1
3780,0
3781,0
3782,0
3783,1
3784,1
3785,1
3786,0
3787,0
3788,1
3789,1
3790,0
3791,1
3792,0
3793,0
3794,1
3795,1
3796,0
3797,0
3798,0
3799,0
3800,0
3801,1
3802,1
3803,1
3804,0
3805,0
3806,0
3807,0
3808,1
3809,1
3810,0
3811,1
3812,1
3813,1
3814,0
3815,0
3816,1
3817,0
3818,0
3819,1
3820,1
3821,1
3822,1
3823,0
3824,1
3825,1
3826,0
3827,0
3828,1
3829,1
3830,0
3831,0
3832,1
3833,0
3834,1
3835,0
3836,1
3837,1
3838,0
3839,1
3840,0
3841,0
3842,1
3843,0
3844,0
3845,0
3846,0
3847,1
3848,1
3849,1
3850,1
3851,1
3852,0
3853,1
3854,1
3855,0
3856,0
3857,1
3858,0
3859,1
3860,1
3861,0
3862,1
3863,0
3864,1
3865,1
3866,1
3867,1
3868,1
3869,0
3870,1
3871,1
3872,1
3873,1
3874,1
3875,1
3876,1
3877,0
3878,0
3879,0
3880,0
3881,1
3882,0
3883,1
3884,1
3885,1
3886,1
3887,0
3888,1
3889,0
3890,1
3891,0
3892,1
3893,1
3894,0
3895,1
3896,1
3897,1
3898,0
3899,0
3900,1
3901,0
3902,0
3903,0
3904,1
3905,0
3906,1
3907,1
3908,1
3909,0
3910,1
3911,1
3912,0
3913,1
3914,1
3915,1
3916,1
3917,0
3918,0
3919,0
3920,0
3921,1
3922,1
3923,0
3924,0
3925,0
3926,1
3927,0
3928,0
3929,1
3930,0
3931,1
3932,0
3933,1
3934,0
3935,0
3936,0
3937,0
3938,1
3939,0
3940,1
3941,0
3942,0
3943,0
3944,1
3945,1
3946,1
3947,0
3948,1
3949,1
3950,1
3951,0
3952,0
3953,1
3954,1
3955,0
3956,0
3957,0
3958,1
3959,0
3960,1
3961,0
3962,1
3963,0
3964,1
3965,1
3966,1
3967,1
3968,0
3969,0
3970,1
3971,0
3972,1
3973,0
3974,0
3975,1
3976,0
3977,0
3978,0
3979,0
3980,1
3981,1
3982,1
3983,1
3984,0
3985,1
3986,0
3987,0
3988,0
3989,0
3990,0
3991,0
3992,1
3993,1
3994,1
3995,1
3996,1
3997,1
3998,0
3999,1
4000,1
4001,1
4002,0
4003,0
4004,0
4005,1
4006,0
4007,1
4008,1
4009,1
4010,1
4011,0
4012,0
4013,0
4014,1
4015,0
4016,0
4017,1
4018,0
4019,1
4020,0
4021,0
4022,1
4023,1
4024,1
4025,1
4026,0
4027,0
4028,1
4029,1
4030,0
4031,1
4032,1
4033,1
4034,0
4035,0
4036,0
4037,1
4038,0
4039,1
4040,0
4041,0
4042,1
4043,1
4044,0
4045,1
4046,1
4047,1
4048,1
4049,0
4050,0
4051,1
4052,1
4053,1
4054,0
4055,0
4056,0
4057,1
4058,1
4059,0
4060,1
4061,0
4062,1
4063,1
4064,1
4065,0
4066,1
4067,0
4068,0
4069,1
4070,0
4071,0
4072,0
4073,1
4074,0
4075,1
4076,1
4077,1
4078,1
4079,1
4080,1
4081,1
4082,1
4083,1
4084,1
4085,0
4086,1
4087,0
4088,0
4089,0
4090,0
4091,0
4092,0
4093,1
4094,1
4095,0
4096,1
4097,0
4098,0
4099,0
4100,0
4101,1
4102,1
4103,0
4104,0
4105,0
4106,0
4107,0
4108,1
4109,1
4110,1
4111,1
4112,1
4113,1
4114,0
4115,1
4116,1
4117,1
4118,1
4119,1
4120,1
4121,0
4122,0
4123,0
4124,1
4125,0
4126,0
4127,1
4128,1
4129,1
4130,0
4131,1
4132,1
4133,1
4134,0
4135,0
4136,0
4137,1
4138,1
4139,1
4140,1
4141,1
4142,1
4143,0
4144,1
4145,1
4146,1
4147,0
4148,1
4149,0
4150,1
4151,1
4152,1
4153,1
4154,0
4155,1
4156,1
4157,1
4158,1
4159,0
4160,1
4161,0
4162,0
4163,0
4164,0
4165,0
4166,0
4167,0
4168,0
4169,0
4170,1
4171,0
4172,0
4173,1
4174,0
4175,0
4176,1
4177,1
4178,1
4179,0
4180,1
4181,1
4182,0
4183,1
4184,1
4185,0
4186,1
4187,0
4188,1
4189,0
4190,1
4191,1
4192,1
4193,1
4194,0
4195,1
4196,1
4197,1
4198,1
4199,0
4200,0
4201,1
4202,1
4203,0
4204,1
4205,0
4206,1
4207,0
4208,1
4209,0
4210,1
4211,1
4212,0
4213,0
4214,1
4215,0
4216,0
4217,1
4218,1
4219,0
4220,1
4221,1
4222,0
4223,1
4224,0
4225,0
4226,1
4227,0
4228,0
4229,1
4230,1
4231,1
4232,0
4233,0
4234,1
4235,1
4236,0
4237,1
4238,0
4239,0
4240,1
4241,0
4242,0
4243,0
4244,0
4245,0
4246,0
4247,1
4248,0
4249,1
4250,1
4251,1
4252,1
4253,0
4254,0
4255,0
4256,1
4257,0
4258,1
4259,0
4260,0
4261,1
4262,0
4263,0
4264,0
4265,0
4266,1
4267,0
4268,0
4269,0
4270,0
4271,1
4272,1
4273,0
4274,0
4275,0
4276,0
4277,0
4278,0
4279,1
4280,1
4281,1
4282,1
4283,1
4284,1
4285,1
4286,1
4287,1
4288,1
4289,0
4290,0
4291,1
4292,1
4293,0
4294,1
4295,1
4296,0
4297,1
4298,1
4299,1
4300,1
4301,1
4302,0
4303,1
4304,1
4305,0
4306,1
4307,0
4308,0
4309,1
4310,1
4311,0
4312,1
4313,1
4314,1
4315,1
4316,1
4317,1
4318,0
4319,0
4320,0
4321,0
4322,1
4323,0
4324,0
4325,1
4326,1
4327,0
4328,0
4329,0
4330,1
4331,1
4332,0
4333,1
4334,0
4335,1
4336,1
4337,0
4338,0
4339,1
4340,0
4341,1
4342,1
4343,1
4344,1
4345,0
4346,0
4347,0
4348,0
4349,1
4350,0
4351,1
4352,1
4353,1
4354,0
4355,1
4356,1
4357,1
4358,1
4359,0
4360,0
4361,1
4362,1
4363,0
4364,0
4365,0
4366,0
4367,0
4368,0
4369,0
4370,0
4371,1
4372,1
4373,0
4374,0
4375,0
4376,1
4377,1
4378,1
4379,1
4380,0
4381,1
4382,0
4383,1
4384,0
4385,1
4386,1
4387,1
4388,0
4389,1
4390,1
4391,0
4392,0
4393,1
4394,0
4395,0
4396,0
4397,1
4398,1
4399,1
4400,0
4401,1
4402,0
4403,0
4404,1
4405,1
4406,0
4407,0
4408,0
4409,1
4410,1
4411,1
4412,0
4413,1
4414,1
4415,1
4416,1
4417,1
4418,0
4419,1
4420,0
4421,0
4422,1
4423,1
4424,0
4425,1
4426,0
4427,1
4428,1
4429,1
4430,1
4431,1
4432,0
4433,0
4434,1
4435,1
4436,1
4437,0
4438,1
4439,1
4440,0
4441,0
4442,1
4443,1
4444,1
4445,1
4446,0
4447,0
4448,0
4449,1
4450,1
4451,1
4452,1
4453,0
4454,1
4455,1
4456,1
4457,1
4458,0
4459,1
4460,1
4461,0
4462,1
4463,1
4464,0
4465,0
4466,1
4467,0
4468,1
4469,0
4470,0
4471,0
4472,1
4473,1
4474,0
4475,0
4476,1
4477,0
4478,1
4479,1
4480,0
4481,0
4482,1
4483,1
4484,1
4485,1
4486,0
4487,0
4488,1
4489,0
4490,0
4491,0
4492,1
4493,0
4494,1
4495,0
4496,0
4497,0
4498,0
4499,1
4500,1
4501,1
4502,1
4503,0
4504,1
4505,0
4506,0
4507,0
4508,0
4509,0
4510,0
4511,1
4512,0
4513,0
4514,0
4515,1
4516,0
4517,0
4518,0
4519,0
4520,1
4521,1
4522,0
4523,1
4524,1
4525,1
4526,0
4527,0
4528,1
4529,0
4530,1
4531,1
4532,0
4533,1
4534,1
4535,1
4536,0
4537,1
4538,1
4539,0
4540,1
4541,1
4542,0
4543,0
4544,0
4545,0
4546,0
4547,0
4548,0
4549,1
4550,0
4551,1
4552,1
4553,1
4554,1
4555,0
4556,1
4557,1
4558,0
4559,1
4560,0
4561,1
4562,1
4563,1
4564,1
4565,0
4566,1
4567,0
4568,1
4569,0
4570,1
4571,0
4572,1
4573,1
4574,1
4575,0
4576,1
4577,1
4578,0
4579,1
4580,1
4581,1
4582,1
4583,1
4584,1
4585,1
4586,0
4587,0
4588,0
4589,0
4590,1
4591,0
4592,0
4593,1
4594,1
4595,1
4596,0
4597,1
4598,1
4599,0
4600,1
4601,0
4602,1
4603,0
4604,0
4605,1
4606,1
4607,0
4608,0
4609,0
4610,1
4611,1
4612,1
4613,0
4614,1
4615,0
4616,0
4617,1
4618,1
4619,0
4620,0
4621,1
4622,0
4623,0
4624,0
4625,0
4626,1
4627,1
4628,1
4629,1
4630,1
4631,1
4632,0
4633,0
4634,1
4635,1
4636,1
4637,0
4638,1
4639,0
4640,1
4641,0
4642,1
4643,1
4644,1
4645,0
4646,1
4647,0
4648,1
4649,1
4650,1
4651,0
4652,0
4653,0
4654,0
4655,0
4656,0
4657,1
4658,1
4659,1
4660,0
4661,0
4662,1
4663,0
4664,0
4665,0
4666,1
4667,0
4668,0
4669,0
4670,1
4671,0
4672,0
4673,0
4674,0
4675,1
4676,1
4677,1
4678,1
4679,0
4680,1
4681,0
4682,1
4683,1
4684,0
4685,0
4686,1
4687,1
4688,0
4689,0
4690,0
4691,1
4692,0
4693,1
4694,0
4695,1
4696,1
4697,0
4698,0
4699,1
4700,0
4701,0
4702,0
4703,0
4704,0
4705,1
4706,0
4707,0
4708,1
4709,1
4710,1
4711,1
4712,1
4713,1
4714,0
4715,1
4716,1
4717,1
4718,1
4719,1
4720,1
4721,0
4722,0
4723,1
4724,0
4725,1
4726,1
4727,1
4728,0
4729,0
4730,0
4731,1
4732,0
4733,0
4734,1
4735,1
4736,0
4737,1
4738,1
4739,1
4740,1
4741,1
4742,0
4743,0
4744,0
4745,0
4746,1
4747,0
4748,1
4749,0
4750,0
4751,0
4752,1
4753,1
4754,1
4755,1
4756,0
4757,0
4758,0
4759,1
4760,1
4761,0
4762,1
4763,0
4764,1
4765,1
4766,0
4767,1
4768,1
4769,1
4770,1
4771,1
4772,1
4773,1
4774,0
4775,0
4776,1
4777,1
4778,0
4779,0
4780,1
4781,0
4782,0
4783,0
4784,1
4785,1
4786,1
4787,1
4788,0
4789,0
4790,1
4791,0
4792,1
4793,0
4794,0
4795,0
4796,0
4797,0
4798,1
4799,1
4800,1
4801,1
4802,0
4803,1
4804,1
4805,1
4806,1
4807,0
4808,0
4809,0
4810,1
4811,1
4812,0
4813,1
4814,1
4815,0
4816,0
4817,0
4818,0
4819,0
4820,1
4821,1
4822,0
4823,1
4824,1
4825,1
4826,1
4827,1
4828,0
4829,1
4830,1
4831,0
4832,1
4833,0
4834,0
4835,1
4836,1
4837,1
4838,1
4839,1
4840,0
4841,1
4842,1
4843,0
4844,1
4845,1
4846,0
4847,1
4848,1
4849,0
4850,1
4851,1
4852,1
4853,1
4854,1
4855,0
4856,1
4857,1
4858,1
4859,0
4860,1
4861,1
4862,1
4863,1
4864,1
4865,0
4866,1
4867,1
4868,0
4869,1
4870,0
4871,1
4872,0
4873,1
4874,1
4875,1
4876,0
4877,0
4878,1
4879,1
4880,0
4881,1
4882,1
4883,1
4884,1
4885,1
4886,0
4887,0
4888,1
4889,0
4890,0
4891,1
4892,0
4893,1
4894,1
4895,0
4896,1
4897,0
4898,1
4899,0
4900,1
4901,0
4902,1
4903,1
4904,0
4905,1
4906,0
4907,1
4908,1
4909,0
4910,1
4911,1
4912,0
4913,1
4914,0
4915,1
4916,1
4917,1
4918,0
4919,0
4920,0
4921,1
4922,0
4923,1
4924,1
4925,1
4926,1
4927,0
4928,0
4929,0
4930,0
4931,0
4932,0
4933,0
4934,0
4935,1
4936,0
4937,0
4938,1
4939,1
4940,1
4941,0
4942,0
4943,0
4944,0
4945,1
4946,1
4947,1
4948,1
4949,0
4950,0
4951,1
4952,0
4953,0
4954,0
4955,0
4956,0
4957,1
4958,1
4959,1
4960,0
4961,1
4962,1
4963,1
4964,0
4965,0
4966,1
4967,1
4968,0
4969,0
4970,0
4971,0
4972,1
4973,1
4974,0
4975,1
4976,1
4977,1
4978,0
4979,0
4980,0
4981,1
4982,1
4983,0
4984,1
4985,0
4986,0
4987,1
4988,1
4989,0
4990,0
4991,1
4992,1
4993,1
4994,0
4995,1
4996,0
4997,0
4998,0
4999,0
5000,0
5001,0
5002,0
5003,1
5004,0
5005,1
5006,1
5007,0
5008,0
5009,1
5010,1
5011,1
5012,1
5013,1
5014,0
5015,0
5016,1
5017,0
5018,1
5019,1
5020,1
5021,0
5022,0
5023,1
5024,1
5025,1
5026,1
5027,0
5028,1
5029,1
5030,1
5031,1
5032,0
5033,1
5034,1
5035,0
5036,1
5037,1
5038,1
5039,0
5040,1
5041,0
5042,0
5043,1
5044,0
5045,1
5046,0
5047,0
5048,1
5049,1
5050,1
5051,1
5052,0
5053,1
5054,0
5055,1
5056,1
5057,0
5058,1
5059,1
5060,1
5061,1
5062,1
5063,0
5064,1
5065,0
5066,1
5067,0
5068,1
5069,0
5070,1
5071,1
5072,1
5073,0
5074,0
5075,1
5076,1
5077,1
5078,1
5079,0
5080,0
5081,0
5082,0
5083,0
5084,1
5085,1
5086,0
5087,1
5088,1
5089,1
5090,0
5091,1
5092,0
5093,1
5094,0
5095,1
5096,1
5097,1
5098,0
5099,0
5100,0
5101,0
5102,1
5103,1
5104,1
5105,1
5106,1
5107,0
5108,1
5109,1
5110,0
5111,1
5112,1
5113,1
5114,1
5115,1
5116,0
5117,1
5118,0
5119,1
5120,1
5121,0
5122,0
5123,0
5124,0
5125,0
5126,0
5127,0
5128,1
5129,1
5130,1
5131,1
5132,0
5133,1
5134,1
5135,0
5136,0
5137,0
5138,1
5139,0
5140,0
5141,0
5142,1
5143,1
5144,0
5145,1
5146,1
5147,0
5148,1
5149,0
5150,0
5151,1
5152,1
5153,1
5154,1
5155,1
5156,0
5157,1
5158,0
5159,0
5160,0
5161,1
5162,1
5163,0
5164,1
5165,1
5166,1
5167,0
5168,1
5169,1
5170,1
5171,0
5172,1
5173,1
5174,0
5175,0
5176,1
5177,1
5178,0
5179,0
5180,1
5181,1
5182,1
5183,0
5184,0
5185,1
5186,1
5187,1
5188,1
5189,0
5190,0
5191,1
5192,0
5193,1
5194,1
5195,1
5196,0
5197,1
5198,1
5199,1
5200,1
5201,0
5202,1
5203,1
5204,1
5205,1
5206,0
5207,0
5208,1
5209,0
5210,1
5211,1
5212,1
5213,0
5214,0
5215,1
5216,1
5217,0
5218,0
5219,0
5220,0
5221,0
5222,1
5223,1
5224,0
5225,1
5226,1
5227,0
5228,1
5229,1
5230,1
5231,0
5232,1
5233,1
5234,0
5235,0
5236,1
5237,1
5238,1
5239,0
5240,1
5241,0
5242,1
5243,1
5244,1
5245,0
5246,1
5247,1
5248,0
5249,1
